article_id,topic,source,variant,headline,snippet,paragraphs,text_normal,text_rewritten
1,Climate,BBC,normal,[HEADLINE_1_CLIMATE_BBC_NORMAL],[SNIPPET_1],[PARAGRAPHS_1],[TEXT_NORMAL_1],[TEXT_REWRITTEN_1]
1,Climate,BBC,rewritten,[HEADLINE_1_CLIMATE_BBC_REWRITTEN],[SNIPPET_1],[PARAGRAPHS_1],[TEXT_NORMAL_1_RW],[TEXT_REWRITTEN_1_RW]
1,Climate,Reuters,normal,[HEADLINE_1_CLIMATE_REUTERS_NORMAL],[SNIPPET_1],[PARAGRAPHS_1],[TEXT_NORMAL_1_R],[TEXT_REWRITTEN_1_R]
1,Climate,Reuters,rewritten,[HEADLINE_1_CLIMATE_REUTERS_REWRITTEN],[SNIPPET_1],[PARAGRAPHS_1],[TEXT_NORMAL_1_R_RW],[TEXT_REWRITTEN_1_R_RW]
2,Climate,AP,normal,[HEADLINE_2_CLIMATE_AP_NORMAL],[SNIPPET_2],[PARAGRAPHS_2],[TEXT_NORMAL_2],[TEXT_REWRITTEN_2]
2,Climate,AP,rewritten,[HEADLINE_2_CLIMATE_AP_REWRITTEN],[SNIPPET_2],[PARAGRAPHS_2],[TEXT_NORMAL_2_RW],[TEXT_REWRITTEN_2_RW]
2,Climate,Guardian,normal,[HEADLINE_2_CLIMATE_GUARDIAN_NORMAL],[SNIPPET_2],[PARAGRAPHS_2],[TEXT_NORMAL_2_G],[TEXT_REWRITTEN_2_G]
2,Climate,Guardian,rewritten,[HEADLINE_2_CLIMATE_GUARDIAN_REWRITTEN],[SNIPPET_2],[PARAGRAPHS_2],[TEXT_NORMAL_2_G_RW],[TEXT_REWRITTEN_2_G_RW]
3,Economy,Bloomberg,normal,[HEADLINE_3_ECONOMY_BLOOMBERG_NORMAL],[SNIPPET_3],[PARAGRAPHS_3],[TEXT_NORMAL_3],[TEXT_REWRITTEN_3]
3,Economy,Bloomberg,rewritten,[HEADLINE_3_ECONOMY_BLOOMBERG_REWRITTEN],[SNIPPET_3],[PARAGRAPHS_3],[TEXT_NORMAL_3_RW],[TEXT_REWRITTEN_3_RW]
3,Economy,Financial Times,normal,[HEADLINE_3_ECONOMY_FT_NORMAL],[SNIPPET_3],[PARAGRAPHS_3],[TEXT_NORMAL_3_FT],[TEXT_REWRITTEN_3_FT]
3,Economy,Financial Times,rewritten,[HEADLINE_3_ECONOMY_FT_REWRITTEN],[SNIPPET_3],[PARAGRAPHS_3],[TEXT_NORMAL_3_FT_RW],[TEXT_REWRITTEN_3_FT_RW]
4,Economy,WSJ,normal,[HEADLINE_4_ECONOMY_WSJ_NORMAL],[SNIPPET_4],[PARAGRAPHS_4],[TEXT_NORMAL_4],[TEXT_REWRITTEN_4]
4,Economy,WSJ,rewritten,[HEADLINE_4_ECONOMY_WSJ_REWRITTEN],[SNIPPET_4],[PARAGRAPHS_4],[TEXT_NORMAL_4_RW],[TEXT_REWRITTEN_4_RW]
4,Economy,Reuters,normal,[HEADLINE_4_ECONOMY_REUTERS_NORMAL],[SNIPPET_4],[PARAGRAPHS_4],[TEXT_NORMAL_4_R],[TEXT_REWRITTEN_4_R]
4,Economy,Reuters,rewritten,[HEADLINE_4_ECONOMY_REUTERS_REWRITTEN],[SNIPPET_4],[PARAGRAPHS_4],[TEXT_NORMAL_4_R_RW],[TEXT_REWRITTEN_4_R_RW]
5,Technology,TechCrunch,normal,[HEADLINE_5_TECH_TC_NORMAL],[SNIPPET_5],[PARAGRAPHS_5],[TEXT_NORMAL_5],[TEXT_REWRITTEN_5]
5,Technology,TechCrunch,rewritten,[HEADLINE_5_TECH_TC_REWRITTEN],[SNIPPET_5],[PARAGRAPHS_5],[TEXT_NORMAL_5_RW],[TEXT_REWRITTEN_5_RW]
5,Technology,Wired,normal,[HEADLINE_5_TECH_WIRED_NORMAL],[SNIPPET_5],[PARAGRAPHS_5],[TEXT_NORMAL_5_W],[TEXT_REWRITTEN_5_W]
5,Technology,Wired,rewritten,[HEADLINE_5_TECH_WIRED_REWRITTEN],[SNIPPET_5],[PARAGRAPHS_5],[TEXT_NORMAL_5_W_RW],[TEXT_REWRITTEN_5_W_RW]
6,Technology,Ars Technica,normal,[HEADLINE_6_TECH_AT_NORMAL],[SNIPPET_6],[PARAGRAPHS_6],[TEXT_NORMAL_6],[TEXT_REWRITTEN_6]
6,Technology,Ars Technica,rewritten,[HEADLINE_6_TECH_AT_REWRITTEN],[SNIPPET_6],[PARAGRAPHS_6],[TEXT_NORMAL_6_RW],[TEXT_REWRITTEN_6_RW]
6,Technology,The Verge,normal,[HEADLINE_6_TECH_TV_NORMAL],[SNIPPET_6],[PARAGRAPHS_6],[TEXT_NORMAL_6_TV],[TEXT_REWRITTEN_6_TV]
6,Technology,The Verge,rewritten,[HEADLINE_6_TECH_TV_REWRITTEN],[SNIPPET_6],[PARAGRAPHS_6],[TEXT_NORMAL_6_TV_RW],[TEXT_REWRITTEN_6_TV_RW]
7,Health,Medical News Today,normal,[HEADLINE_7_HEALTH_MNT_NORMAL],[SNIPPET_7],[PARAGRAPHS_7],[TEXT_NORMAL_7],[TEXT_REWRITTEN_7]
7,Health,Medical News Today,rewritten,[HEADLINE_7_HEALTH_MNT_REWRITTEN],[SNIPPET_7],[PARAGRAPHS_7],[TEXT_NORMAL_7_RW],[TEXT_REWRITTEN_7_RW]
7,Health,Health Affairs,normal,[HEADLINE_7_HEALTH_HA_NORMAL],[SNIPPET_7],[PARAGRAPHS_7],[TEXT_NORMAL_7_HA],[TEXT_REWRITTEN_7_HA]
7,Health,Health Affairs,rewritten,[HEADLINE_7_HEALTH_HA_REWRITTEN],[SNIPPET_7],[PARAGRAPHS_7],[TEXT_NORMAL_7_HA_RW],[TEXT_REWRITTEN_7_HA_RW]
8,Health,The Lancet,normal,[HEADLINE_8_HEALTH_TL_NORMAL],[SNIPPET_8],[PARAGRAPHS_8],[TEXT_NORMAL_8],[TEXT_REWRITTEN_8]
8,Health,The Lancet,rewritten,[HEADLINE_8_HEALTH_TL_REWRITTEN],[SNIPPET_8],[PARAGRAPHS_8],[TEXT_NORMAL_8_RW],[TEXT_REWRITTEN_8_RW]
8,Health,NPR Health,normal,[HEADLINE_8_HEALTH_NPR_NORMAL],[SNIPPET_8],[PARAGRAPHS_8],[TEXT_NORMAL_8_NPR],[TEXT_REWRITTEN_8_NPR]
8,Health,NPR Health,rewritten,[HEADLINE_8_HEALTH_NPR_REWRITTEN],[SNIPPET_8],[PARAGRAPHS_8],[TEXT_NORMAL_8_NPR_RW],[TEXT_REWRITTEN_8_NPR_RW]
9,Climate,BBC,normal,[HEADLINE_9_CLIMATE_BBC_NORMAL],[SNIPPET_9],[PARAGRAPHS_9],[TEXT_NORMAL_9],[TEXT_REWRITTEN_9]
9,Climate,BBC,rewritten,[HEADLINE_9_CLIMATE_BBC_REWRITTEN],[SNIPPET_9],[PARAGRAPHS_9],[TEXT_NORMAL_9_RW],[TEXT_REWRITTEN_9_RW]
9,Climate,Reuters,normal,[HEADLINE_9_CLIMATE_REUTERS_NORMAL],[SNIPPET_9],[PARAGRAPHS_9],[TEXT_NORMAL_9_R],[TEXT_REWRITTEN_9_R]
9,Climate,Reuters,rewritten,[HEADLINE_9_CLIMATE_REUTERS_REWRITTEN],[SNIPPET_9],[PARAGRAPHS_9],[TEXT_NORMAL_9_R_RW],[TEXT_REWRITTEN_9_R_RW]
10,Climate,AP,normal,[HEADLINE_10_CLIMATE_AP_NORMAL],[SNIPPET_10],[PARAGRAPHS_10],[TEXT_NORMAL_10],[TEXT_REWRITTEN_10]
10,Climate,AP,rewritten,[HEADLINE_10_CLIMATE_AP_REWRITTEN],[SNIPPET_10],[PARAGRAPHS_10],[TEXT_NORMAL_10_RW],[TEXT_REWRITTEN_10_RW]
10,Climate,Guardian,normal,[HEADLINE_10_CLIMATE_GUARDIAN_NORMAL],[SNIPPET_10],[PARAGRAPHS_10],[TEXT_NORMAL_10_G],[TEXT_REWRITTEN_10_G]
10,Climate,Guardian,rewritten,[HEADLINE_10_CLIMATE_GUARDIAN_REWRITTEN],[SNIPPET_10],[PARAGRAPHS_10],[TEXT_NORMAL_10_G_RW],[TEXT_REWRITTEN_10_G_RW]
11,Economy,Bloomberg,normal,[HEADLINE_11_ECONOMY_BLOOMBERG_NORMAL],[SNIPPET_11],[PARAGRAPHS_11],[TEXT_NORMAL_11],[TEXT_REWRITTEN_11]
11,Economy,Bloomberg,rewritten,[HEADLINE_11_ECONOMY_BLOOMBERG_REWRITTEN],[SNIPPET_11],[PARAGRAPHS_11],[TEXT_NORMAL_11_RW],[TEXT_REWRITTEN_11_RW]
11,Economy,Financial Times,normal,[HEADLINE_11_ECONOMY_FT_NORMAL],[SNIPPET_11],[PARAGRAPHS_11],[TEXT_NORMAL_11_FT],[TEXT_REWRITTEN_11_FT]
11,Economy,Financial Times,rewritten,[HEADLINE_11_ECONOMY_FT_REWRITTEN],[SNIPPET_11],[PARAGRAPHS_11],[TEXT_NORMAL_11_FT_RW],[TEXT_REWRITTEN_11_FT_RW]
12,Economy,WSJ,normal,[HEADLINE_12_ECONOMY_WSJ_NORMAL],[SNIPPET_12],[PARAGRAPHS_12],[TEXT_NORMAL_12],[TEXT_REWRITTEN_12]
12,Economy,WSJ,rewritten,[HEADLINE_12_ECONOMY_WSJ_REWRITTEN],[SNIPPET_12],[PARAGRAPHS_12],[TEXT_NORMAL_12_RW],[TEXT_REWRITTEN_12_RW]
12,Economy,Reuters,normal,[HEADLINE_12_ECONOMY_REUTERS_NORMAL],[SNIPPET_12],[PARAGRAPHS_12],[TEXT_NORMAL_12_R],[TEXT_REWRITTEN_12_R]
12,Economy,Reuters,rewritten,[HEADLINE_12_ECONOMY_REUTERS_REWRITTEN],[SNIPPET_12],[PARAGRAPHS_12],[TEXT_NORMAL_12_R_RW],[TEXT_REWRITTEN_12_R_RW]
13,Technology,TechCrunch,normal,[HEADLINE_13_TECH_TC_NORMAL],[SNIPPET_13],[PARAGRAPHS_13],[TEXT_NORMAL_13],[TEXT_REWRITTEN_13]
13,Technology,TechCrunch,rewritten,[HEADLINE_13_TECH_TC_REWRITTEN],[SNIPPET_13],[PARAGRAPHS_13],[TEXT_NORMAL_13_RW],[TEXT_REWRITTEN_13_RW]
13,Technology,Wired,normal,[HEADLINE_13_TECH_WIRED_NORMAL],[SNIPPET_13],[PARAGRAPHS_13],[TEXT_NORMAL_13_W],[TEXT_REWRITTEN_13_W]
13,Technology,Wired,rewritten,[HEADLINE_13_TECH_WIRED_REWRITTEN],[SNIPPET_13],[PARAGRAPHS_13],[TEXT_NORMAL_13_W_RW],[TEXT_REWRITTEN_13_W_RW]
14,Technology,Ars Technica,normal,[HEADLINE_14_TECH_AT_NORMAL],[SNIPPET_14],[PARAGRAPHS_14],[TEXT_NORMAL_14],[TEXT_REWRITTEN_14]
14,Technology,Ars Technica,rewritten,[HEADLINE_14_TECH_AT_REWRITTEN],[SNIPPET_14],[PARAGRAPHS_14],[TEXT_NORMAL_14_RW],[TEXT_REWRITTEN_14_RW]
14,Technology,The Verge,normal,[HEADLINE_14_TECH_TV_NORMAL],[SNIPPET_14],[PARAGRAPHS_14],[TEXT_NORMAL_14_TV],[TEXT_REWRITTEN_14_TV]
14,Technology,The Verge,rewritten,[HEADLINE_14_TECH_TV_REWRITTEN],[SNIPPET_14],[PARAGRAPHS_14],[TEXT_NORMAL_14_TV_RW],[TEXT_REWRITTEN_14_TV_RW]
15,Health,Medical News Today,normal,[HEADLINE_15_HEALTH_MNT_NORMAL],[SNIPPET_15],[PARAGRAPHS_15],[TEXT_NORMAL_15],[TEXT_REWRITTEN_15]
15,Health,Medical News Today,rewritten,[HEADLINE_15_HEALTH_MNT_REWRITTEN],[SNIPPET_15],[PARAGRAPHS_15],[TEXT_NORMAL_15_RW],[TEXT_REWRITTEN_15_RW]
15,Health,Health Affairs,normal,[HEADLINE_15_HEALTH_HA_NORMAL],[SNIPPET_15],[PARAGRAPHS_15],[TEXT_NORMAL_15_HA],[TEXT_REWRITTEN_15_HA]
15,Health,Health Affairs,rewritten,[HEADLINE_15_HEALTH_HA_REWRITTEN],[SNIPPET_15],[PARAGRAPHS_15],[TEXT_NORMAL_15_HA_RW],[TEXT_REWRITTEN_15_HA_RW]
16,Health,The Lancet,normal,[HEADLINE_16_HEALTH_TL_NORMAL],[SNIPPET_16],[PARAGRAPHS_16],[TEXT_NORMAL_16],[TEXT_REWRITTEN_16]
16,Health,The Lancet,rewritten,[HEADLINE_16_HEALTH_TL_REWRITTEN],[SNIPPET_16],[PARAGRAPHS_16],[TEXT_NORMAL_16_RW],[TEXT_REWRITTEN_16_RW]
16,Health,NPR Health,normal,[HEADLINE_16_HEALTH_NPR_NORMAL],[SNIPPET_16],[PARAGRAPHS_16],[TEXT_NORMAL_16_NPR],[TEXT_REWRITTEN_16_NPR]
16,Health,NPR Health,rewritten,[HEADLINE_16_HEALTH_NPR_REWRITTEN],[SNIPPET_16],[PARAGRAPHS_16],[TEXT_NORMAL_16_NPR_RW],[TEXT_REWRITTEN_16_NPR_RW]
17,Climate,BBC,normal,[HEADLINE_17_CLIMATE_BBC_NORMAL],[SNIPPET_17],[PARAGRAPHS_17],[TEXT_NORMAL_17],[TEXT_REWRITTEN_17]
17,Climate,BBC,rewritten,[HEADLINE_17_CLIMATE_BBC_REWRITTEN],[SNIPPET_17],[PARAGRAPHS_17],[TEXT_NORMAL_17_RW],[TEXT_REWRITTEN_17_RW]
17,Climate,Reuters,normal,[HEADLINE_17_CLIMATE_REUTERS_NORMAL],[SNIPPET_17],[PARAGRAPHS_17],[TEXT_NORMAL_17_R],[TEXT_REWRITTEN_17_R]
17,Climate,Reuters,rewritten,[HEADLINE_17_CLIMATE_REUTERS_REWRITTEN],[SNIPPET_17],[PARAGRAPHS_17],[TEXT_NORMAL_17_R_RW],[TEXT_REWRITTEN_17_R_RW]
18,Climate,AP,normal,[HEADLINE_18_CLIMATE_AP_NORMAL],[SNIPPET_18],[PARAGRAPHS_18],[TEXT_NORMAL_18],[TEXT_REWRITTEN_18]
18,Climate,AP,rewritten,[HEADLINE_18_CLIMATE_AP_REWRITTEN],[SNIPPET_18],[PARAGRAPHS_18],[TEXT_NORMAL_18_RW],[TEXT_REWRITTEN_18_RW]
18,Climate,Guardian,normal,[HEADLINE_18_CLIMATE_GUARDIAN_NORMAL],[SNIPPET_18],[PARAGRAPHS_18],[TEXT_NORMAL_18_G],[TEXT_REWRITTEN_18_G]
18,Climate,Guardian,rewritten,[HEADLINE_18_CLIMATE_GUARDIAN_REWRITTEN],[SNIPPET_18],[PARAGRAPHS_18],[TEXT_NORMAL_18_G_RW],[TEXT_REWRITTEN_18_G_RW]
19,Economy,Bloomberg,normal,[HEADLINE_19_ECONOMY_BLOOMBERG_NORMAL],[SNIPPET_19],[PARAGRAPHS_19],[TEXT_NORMAL_19],[TEXT_REWRITTEN_19]
19,Economy,Bloomberg,rewritten,[HEADLINE_19_ECONOMY_BLOOMBERG_REWRITTEN],[SNIPPET_19],[PARAGRAPHS_19],[TEXT_NORMAL_19_RW],[TEXT_REWRITTEN_19_RW]
19,Economy,Financial Times,normal,[HEADLINE_19_ECONOMY_FT_NORMAL],[SNIPPET_19],[PARAGRAPHS_19],[TEXT_NORMAL_19_FT],[TEXT_REWRITTEN_19_FT]
19,Economy,Financial Times,rewritten,[HEADLINE_19_ECONOMY_FT_REWRITTEN],[SNIPPET_19],[PARAGRAPHS_19],[TEXT_NORMAL_19_FT_RW],[TEXT_REWRITTEN_19_FT_RW]
20,Economy,WSJ,normal,[HEADLINE_20_ECONOMY_WSJ_NORMAL],[SNIPPET_20],[PARAGRAPHS_20],[TEXT_NORMAL_20],[TEXT_REWRITTEN_20]
20,Economy,WSJ,rewritten,[HEADLINE_20_ECONOMY_WSJ_REWRITTEN],[SNIPPET_20],[PARAGRAPHS_20],[TEXT_NORMAL_20_RW],[TEXT_REWRITTEN_20_RW]
20,Economy,Reuters,normal,[HEADLINE_20_ECONOMY_REUTERS_NORMAL],[SNIPPET_20],[PARAGRAPHS_20],[TEXT_NORMAL_20_R],[TEXT_REWRITTEN_20_R]
20,Economy,Reuters,rewritten,[HEADLINE_20_ECONOMY_REUTERS_REWRITTEN],[SNIPPET_20],[PARAGRAPHS_20],[TEXT_NORMAL_20_R_RW],[TEXT_REWRITTEN_20_R_RW]
21,Technology,TechCrunch,normal,[HEADLINE_21_TECH_TC_NORMAL],[SNIPPET_21],[PARAGRAPHS_21],[TEXT_NORMAL_21],[TEXT_REWRITTEN_21]
21,Technology,TechCrunch,rewritten,[HEADLINE_21_TECH_TC_REWRITTEN],[SNIPPET_21],[PARAGRAPHS_21],[TEXT_NORMAL_21_RW],[TEXT_REWRITTEN_21_RW]
21,Technology,Wired,normal,[HEADLINE_21_TECH_WIRED_NORMAL],[SNIPPET_21],[PARAGRAPHS_21],[TEXT_NORMAL_21_W],[TEXT_REWRITTEN_21_W]
21,Technology,Wired,rewritten,[HEADLINE_21_TECH_WIRED_REWRITTEN],[SNIPPET_21],[PARAGRAPHS_21],[TEXT_NORMAL_21_W_RW],[TEXT_REWRITTEN_21_W_RW]
22,Technology,Ars Technica,normal,[HEADLINE_22_TECH_AT_NORMAL],[SNIPPET_22],[PARAGRAPHS_22],[TEXT_NORMAL_22],[TEXT_REWRITTEN_22]
22,Technology,Ars Technica,rewritten,[HEADLINE_22_TECH_AT_REWRITTEN],[SNIPPET_22],[PARAGRAPHS_22],[TEXT_NORMAL_22_RW],[TEXT_REWRITTEN_22_RW]
22,Technology,The Verge,normal,[HEADLINE_22_TECH_TV_NORMAL],[SNIPPET_22],[PARAGRAPHS_22],[TEXT_NORMAL_22_TV],[TEXT_REWRITTEN_22_TV]
22,Technology,The Verge,rewritten,[HEADLINE_22_TECH_TV_REWRITTEN],[SNIPPET_22],[PARAGRAPHS_22],[TEXT_NORMAL_22_TV_RW],[TEXT_REWRITTEN_22_TV_RW]
23,Health,Medical News Today,normal,[HEADLINE_23_HEALTH_MNT_NORMAL],[SNIPPET_23],[PARAGRAPHS_23],[TEXT_NORMAL_23],[TEXT_REWRITTEN_23]
23,Health,Medical News Today,rewritten,[HEADLINE_23_HEALTH_MNT_REWRITTEN],[SNIPPET_23],[PARAGRAPHS_23],[TEXT_NORMAL_23_RW],[TEXT_REWRITTEN_23_RW]
23,Health,Health Affairs,normal,[HEADLINE_23_HEALTH_HA_NORMAL],[SNIPPET_23],[PARAGRAPHS_23],[TEXT_NORMAL_23_HA],[TEXT_REWRITTEN_23_HA]
23,Health,Health Affairs,rewritten,[HEADLINE_23_HEALTH_HA_REWRITTEN],[SNIPPET_23],[PARAGRAPHS_23],[TEXT_NORMAL_23_HA_RW],[TEXT_REWRITTEN_23_HA_RW]
24,Health,The Lancet,normal,[HEADLINE_24_HEALTH_TL_NORMAL],[SNIPPET_24],[PARAGRAPHS_24],[TEXT_NORMAL_24],[TEXT_REWRITTEN_24]
24,Health,The Lancet,rewritten,[HEADLINE_24_HEALTH_TL_REWRITTEN],[SNIPPET_24],[PARAGRAPHS_24],[TEXT_NORMAL_24_RW],[TEXT_REWRITTEN_24_RW]
24,Health,NPR Health,normal,[HEADLINE_24_HEALTH_NPR_NORMAL],[SNIPPET_24],[PARAGRAPHS_24],[TEXT_NORMAL_24_NPR],[TEXT_REWRITTEN_24_NPR]
24,Health,NPR Health,rewritten,[HEADLINE_24_HEALTH_NPR_REWRITTEN],[SNIPPET_24],[PARAGRAPHS_24],[TEXT_NORMAL_24_NPR_RW],[TEXT_REWRITTEN_24_NPR_RW]
25,Climate,BBC,normal,[HEADLINE_25_CLIMATE_BBC_NORMAL],[SNIPPET_25],[PARAGRAPHS_25],[TEXT_NORMAL_25],[TEXT_REWRITTEN_25]
25,Climate,BBC,rewritten,[HEADLINE_25_CLIMATE_BBC_REWRITTEN],[SNIPPET_25],[PARAGRAPHS_25],[TEXT_NORMAL_25_RW],[TEXT_REWRITTEN_25_RW]
25,Climate,Reuters,normal,[HEADLINE_25_CLIMATE_REUTERS_NORMAL],[SNIPPET_25],[PARAGRAPHS_25],[TEXT_NORMAL_25_R],[TEXT_REWRITTEN_25_R]
25,Climate,Reuters,rewritten,[HEADLINE_25_CLIMATE_REUTERS_REWRITTEN],[SNIPPET_25],[PARAGRAPHS_25],[TEXT_NORMAL_25_R_RW],[TEXT_REWRITTEN_25_R_RW]
26,Climate,AP,normal,[HEADLINE_26_CLIMATE_AP_NORMAL],[SNIPPET_26],[PARAGRAPHS_26],[TEXT_NORMAL_26],[TEXT_REWRITTEN_26]
26,Climate,AP,rewritten,[HEADLINE_26_CLIMATE_AP_REWRITTEN],[SNIPPET_26],[PARAGRAPHS_26],[TEXT_NORMAL_26_RW],[TEXT_REWRITTEN_26_RW]
26,Climate,Guardian,normal,[HEADLINE_26_CLIMATE_GUARDIAN_NORMAL],[SNIPPET_26],[PARAGRAPHS_26],[TEXT_NORMAL_26_G],[TEXT_REWRITTEN_26_G]
26,Climate,Guardian,rewritten,[HEADLINE_26_CLIMATE_GUARDIAN_REWRITTEN],[SNIPPET_26],[PARAGRAPHS_26],[TEXT_NORMAL_26_G_RW],[TEXT_REWRITTEN_26_G_RW]
27,Economy,Bloomberg,normal,[HEADLINE_27_ECONOMY_BLOOMBERG_NORMAL],[SNIPPET_27],[PARAGRAPHS_27],[TEXT_NORMAL_27],[TEXT_REWRITTEN_27]
27,Economy,Bloomberg,rewritten,[HEADLINE_27_ECONOMY_BLOOMBERG_REWRITTEN],[SNIPPET_27],[PARAGRAPHS_27],[TEXT_NORMAL_27_RW],[TEXT_REWRITTEN_27_RW]
27,Economy,Financial Times,normal,[HEADLINE_27_ECONOMY_FT_NORMAL],[SNIPPET_27],[PARAGRAPHS_27],[TEXT_NORMAL_27_FT],[TEXT_REWRITTEN_27_FT]
27,Economy,Financial Times,rewritten,[HEADLINE_27_ECONOMY_FT_REWRITTEN],[SNIPPET_27],[PARAGRAPHS_27],[TEXT_NORMAL_27_FT_RW],[TEXT_REWRITTEN_27_FT_RW]
28,Economy,WSJ,normal,[HEADLINE_28_ECONOMY_WSJ_NORMAL],[SNIPPET_28],[PARAGRAPHS_28],[TEXT_NORMAL_28],[TEXT_REWRITTEN_28]
28,Economy,WSJ,rewritten,[HEADLINE_28_ECONOMY_WSJ_REWRITTEN],[SNIPPET_28],[PARAGRAPHS_28],[TEXT_NORMAL_28_RW],[TEXT_REWRITTEN_28_RW]
28,Economy,Reuters,normal,[HEADLINE_28_ECONOMY_REUTERS_NORMAL],[SNIPPET_28],[PARAGRAPHS_28],[TEXT_NORMAL_28_R],[TEXT_REWRITTEN_28_R]
28,Economy,Reuters,rewritten,[HEADLINE_28_ECONOMY_REUTERS_REWRITTEN],[SNIPPET_28],[PARAGRAPHS_28],[TEXT_NORMAL_28_R_RW],[TEXT_REWRITTEN_28_R_RW]
29,Technology,TechCrunch,normal,[HEADLINE_29_TECH_TC_NORMAL],[SNIPPET_29],[PARAGRAPHS_29],[TEXT_NORMAL_29],[TEXT_REWRITTEN_29]
29,Technology,TechCrunch,rewritten,[HEADLINE_29_TECH_TC_REWRITTEN],[SNIPPET_29],[PARAGRAPHS_29],[TEXT_NORMAL_29_RW],[TEXT_REWRITTEN_29_RW]
29,Technology,Wired,normal,[HEADLINE_29_TECH_WIRED_NORMAL],[SNIPPET_29],[PARAGRAPHS_29],[TEXT_NORMAL_29_W],[TEXT_REWRITTEN_29_W]
29,Technology,Wired,rewritten,[HEADLINE_29_TECH_WIRED_REWRITTEN],[SNIPPET_29],[PARAGRAPHS_29],[TEXT_NORMAL_29_W_RW],[TEXT_REWRITTEN_29_W_RW]
30,Technology,Ars Technica,normal,[HEADLINE_30_TECH_AT_NORMAL],[SNIPPET_30],[PARAGRAPHS_30],[TEXT_NORMAL_30],[TEXT_REWRITTEN_30]
30,Technology,Ars Technica,rewritten,[HEADLINE_30_TECH_AT_REWRITTEN],[SNIPPET_30],[PARAGRAPHS_30],[TEXT_NORMAL_30_RW],[TEXT_REWRITTEN_30_RW]
30,Technology,The Verge,normal,[HEADLINE_30_TECH_TV_NORMAL],[SNIPPET_30],[PARAGRAPHS_30],[TEXT_NORMAL_30_TV],[TEXT_REWRITTEN_30_TV]
30,Technology,The Verge,rewritten,[HEADLINE_30_TECH_TV_REWRITTEN],[SNIPPET_30],[PARAGRAPHS_30],[TEXT_NORMAL_30_TV_RW],[TEXT_REWRITTEN_30_TV_RW]
31,Health,Medical News Today,normal,[HEADLINE_31_HEALTH_MNT_NORMAL],[SNIPPET_31],[PARAGRAPHS_31],[TEXT_NORMAL_31],[TEXT_REWRITTEN_31]
31,Health,Medical News Today,rewritten,[HEADLINE_31_HEALTH_MNT_REWRITTEN],[SNIPPET_31],[PARAGRAPHS_31],[TEXT_NORMAL_31_RW],[TEXT_REWRITTEN_31_RW]
31,Health,Health Affairs,normal,[HEADLINE_31_HEALTH_HA_NORMAL],[SNIPPET_31],[PARAGRAPHS_31],[TEXT_NORMAL_31_HA],[TEXT_REWRITTEN_31_HA]
31,Health,Health Affairs,rewritten,[HEADLINE_31_HEALTH_HA_REWRITTEN],[SNIPPET_31],[PARAGRAPHS_31],[TEXT_NORMAL_31_HA_RW],[TEXT_REWRITTEN_31_HA_RW]
32,Health,The Lancet,normal,[HEADLINE_32_HEALTH_TL_NORMAL],[SNIPPET_32],[PARAGRAPHS_32],[TEXT_NORMAL_32],[TEXT_REWRITTEN_32]
32,Health,The Lancet,rewritten,[HEADLINE_32_HEALTH_TL_REWRITTEN],[SNIPPET_32],[PARAGRAPHS_32],[TEXT_NORMAL_32_RW],[TEXT_REWRITTEN_32_RW]
32,Health,NPR Health,normal,[HEADLINE_32_HEALTH_NPR_NORMAL],[SNIPPET_32],[PARAGRAPHS_32],[TEXT_NORMAL_32_NPR],[TEXT_REWRITTEN_32_NPR]
32,Health,NPR Health,rewritten,[HEADLINE_32_HEALTH_NPR_REWRITTEN],[SNIPPET_32],[PARAGRAPHS_32],[TEXT_NORMAL_32_NPR_RW],[TEXT_REWRITTEN_32_NPR_RW]
